{"loss": [1.4068281650543213], "accuracy": [0.5867273807525635], "val_loss": [0.5792988538742065], "val_accuracy": [0.8178352117538452]}